dataset,origin_x,Random_x,Saliency_x,GuidedBackprop_x,GI_x,DeepLift_x,DeepLiftShap_x,attn_x,rollout_x,EXITT_x,origin_y,Random_y,Saliency_y,GuidedBackprop_y,GI_y,DeepLift_y,DeepLiftShap_y,attn_y,rollout_y,EXITT_y,origin,Random,Saliency,GuidedBackprop,GI,DeepLift,DeepLiftShap,attn,rollout,EXITT
ACSF1,0.79,0.17,0.1,0.13,0.13,0.13,0.13,0.15,0.11,0.11,0.75,0.23,0.19,0.24,0.13,0.11,0.11,0.25,0.12,0.18,0.75,0.22,0.1,0.15,0.17,0.12,0.12,0.1,0.14,0.11
Adiac,0.657,0.414,0.046,0.174,0.11,0.138,0.138,0.066,0.059,0.043,0.6649616368286445,0.4066496163682864,0.0588235294117647,0.1739130434782608,0.0818414322250639,0.0562659846547314,0.0562659846547314,0.0869565217391304,0.0511508951406649,0.0690537084398976,0.6854219948849105,0.3682864450127877,0.0511508951406649,0.1994884910485933,0.1074168797953964,0.1074168797953964,0.1074168797953964,0.0204603580562659,0.0204603580562659,0.0767263427109974
ArrowHead,0.777,0.526,0.389,0.577,0.257,0.189,0.189,0.343,0.457,0.017,0.76,0.5085714285714286,0.5257142857142857,0.5714285714285714,0.4285714285714285,0.4285714285714285,0.4285714285714285,0.5885714285714285,0.3885714285714285,0.3885714285714285,0.7371428571428571,0.6228571428571429,0.2971428571428571,0.6228571428571429,0.1314285714285714,0.0971428571428571,0.0971428571428571,0.2857142857142857,0.3142857142857143,0.1657142857142857
BME,1.0,0.98,0.753,0.62,0.587,0.52,0.52,0.473,0.493,0.5,0.96,0.86,0.68,0.64,0.6066666666666667,0.5,0.5,0.5533333333333333,0.5133333333333333,0.52,0.9933333333333332,0.9866666666666668,0.78,0.6733333333333333,0.6533333333333333,0.6333333333333333,0.6333333333333333,0.7866666666666666,0.4666666666666667,0.4266666666666667
Beef,0.733,0.633,0.2,0.233,0.133,0.133,0.133,0.2,0.2,0.133,0.7,0.5333333333333333,0.2,0.3,0.1333333333333333,0.1333333333333333,0.1333333333333333,0.2,0.2,0.1333333333333333,0.7,0.6,0.2,0.3,0.1333333333333333,0.1333333333333333,0.1333333333333333,0.3666666666666666,0.3333333333333333,0.1333333333333333
BeetleFly,0.95,0.7,0.5,0.4,0.25,0.2,0.2,0.5,0.55,0.25,0.9,0.75,0.5,0.45,0.2,0.2,0.2,0.55,0.7,0.4,0.9,0.65,0.5,0.35,0.25,0.25,0.25,0.5,0.6,0.25
BirdChicken,0.9,0.8,0.5,0.5,0.5,0.5,0.5,0.5,0.5,0.5,0.85,0.75,0.5,0.35,0.35,0.35,0.35,0.5,0.5,0.2,0.85,0.65,0.5,0.45,0.2,0.2,0.2,0.5,0.5,0.2
CBF,0.956,0.839,0.718,0.698,0.621,0.602,0.602,0.614,0.617,0.566,0.9122222222222224,0.83,0.5133333333333333,0.6766666666666666,0.2511111111111111,0.2488888888888888,0.2488888888888888,0.5922222222222222,0.4588888888888889,0.2522222222222222,0.9111111111111112,0.9144444444444444,0.8866666666666667,0.81,0.3811111111111111,0.29,0.29,0.5355555555555556,0.4733333333333333,0.1133333333333333
Car,0.9,0.617,0.233,0.267,0.167,0.15,0.15,0.383,0.167,0.233,0.85,0.6666666666666666,0.4333333333333333,0.5166666666666667,0.3,0.2833333333333333,0.2833333333333333,0.5,0.3,0.1666666666666666,0.85,0.5666666666666667,0.2333333333333333,0.2166666666666666,0.0666666666666666,0.0166666666666666,0.0166666666666666,0.2333333333333333,0.2166666666666666,0.0166666666666666
Chinatown,0.98,0.939,0.662,0.988,0.376,0.166,0.166,0.233,0.274,0.181,0.9387755102040816,0.8017492711370262,0.314868804664723,0.932944606413994,0.0145772594752186,0.0145772594752186,0.0145772594752186,0.2769679300291545,0.2857142857142857,0.075801749271137,0.932944606413994,0.6472303206997084,0.2740524781341107,0.9475218658892128,0.2361516034985422,0.2361516034985422,0.2361516034985422,0.2740524781341107,0.2740524781341107,0.2361516034985422
ChlorineConcentration,0.757,0.447,0.233,0.573,0.133,0.105,0.105,0.474,0.529,0.171,0.7145833333333333,0.5036458333333333,0.2325520833333333,0.43125,0.1802083333333333,0.1518229166666666,0.1518229166666666,0.3322916666666666,0.3036458333333333,0.3372395833333333,0.71328125,0.4713541666666667,0.23203125,0.5083333333333333,0.15078125,0.1317708333333333,0.1317708333333333,0.47890625,0.3861979166666666,0.16484375
Coffee,1.0,1.0,0.786,0.536,0.464,0.214,0.214,0.536,0.536,0.357,0.9642857142857144,0.8214285714285714,0.4642857142857143,0.4642857142857143,0.25,0.25,0.25,0.4642857142857143,0.4642857142857143,0.1071428571428571,1.0,1.0,0.8928571428571429,0.3214285714285714,0.4642857142857143,0.1785714285714285,0.1785714285714285,0.5714285714285714,0.5357142857142857,0.4285714285714285
Computers,0.684,0.576,0.604,0.6,0.392,0.388,0.684,0.564,0.596,0.572,0.648,0.556,0.556,0.528,0.44,0.44,0.648,0.508,0.544,0.456,0.652,0.656,0.676,0.636,0.588,0.572,0.652,0.652,0.632,0.56
CricketX,0.679,0.551,0.305,0.364,0.164,0.141,0.141,0.2,0.131,0.123,0.6358974358974359,0.4897435897435897,0.2974358974358974,0.3333333333333333,0.1666666666666666,0.1282051282051282,0.1282051282051282,0.1102564102564102,0.1076923076923077,0.1102564102564102,0.6410256410256411,0.482051282051282,0.2538461538461538,0.3512820512820512,0.1487179487179487,0.1358974358974359,0.1358974358974359,0.141025641025641,0.1076923076923077,0.1025641025641025
CricketY,0.646,0.521,0.431,0.444,0.136,0.113,0.646,0.267,0.192,0.133,0.6,0.5,0.3794871794871794,0.4358974358974359,0.1282051282051282,0.0794871794871794,0.6,0.2358974358974359,0.1384615384615384,0.0538461538461538,0.6025641025641025,0.4743589743589743,0.3102564102564102,0.4102564102564102,0.1564102564102564,0.0948717948717948,0.6025641025641025,0.1615384615384615,0.2205128205128205,0.0358974358974358
CricketZ,0.703,0.574,0.415,0.482,0.182,0.167,0.167,0.251,0.226,0.185,0.6538461538461539,0.5487179487179488,0.3769230769230769,0.4666666666666667,0.1717948717948718,0.1589743589743589,0.1589743589743589,0.1769230769230769,0.182051282051282,0.1666666666666666,0.6615384615384615,0.5461538461538461,0.3282051282051282,0.4076923076923077,0.1282051282051282,0.1307692307692307,0.1307692307692307,0.2615384615384615,0.2538461538461538,0.0717948717948717
Crop,0.709,0.355,0.31,0.31,0.244,0.236,0.236,0.266,0.199,0.16,0.6601190476190476,0.3230357142857142,0.2857738095238095,0.2693452380952381,0.2141666666666666,0.1658928571428571,0.1658928571428571,0.2382738095238095,0.2058333333333333,0.1333333333333333,0.6688690476190476,0.2923214285714285,0.2539880952380952,0.2651190476190476,0.2117857142857143,0.1639880952380952,0.164047619047619,0.1764880952380952,0.1588095238095238,0.0799404761904761
DiatomSizeReduction,0.967,0.716,0.314,0.529,0.17,0.039,0.039,0.307,0.307,0.314,0.931372549019608,0.8300653594771242,0.3464052287581699,0.8464052287581699,0.2810457516339869,0.0947712418300653,0.0947712418300653,0.3039215686274509,0.3071895424836601,0.1209150326797385,0.9215686274509804,0.7712418300653595,0.1437908496732026,0.4673202614379085,0.2712418300653594,0.2483660130718954,0.2483660130718954,0.2549019607843137,0.1764705882352941,0.0947712418300653
DistalPhalanxOutlineAgeGroup,0.777,0.59,0.41,0.741,0.144,0.137,0.137,0.468,0.662,0.209,0.7338129496402878,0.6762589928057554,0.4244604316546763,0.762589928057554,0.381294964028777,0.381294964028777,0.381294964028777,0.7266187050359713,0.5683453237410072,0.3669064748201439,0.7338129496402878,0.6330935251798561,0.4244604316546763,0.7769784172661871,0.3669064748201439,0.3669064748201439,0.3669064748201439,0.7194244604316546,0.7122302158273381,0.3669064748201439
DistalPhalanxOutlineCorrect,0.786,0.743,0.623,0.837,0.283,0.272,0.272,0.453,0.417,0.775,0.7536231884057971,0.6920289855072463,0.4347826086956521,0.8804347826086957,0.0543478260869565,0.0543478260869565,0.0543478260869565,0.4347826086956521,0.4166666666666667,0.0833333333333333,0.7572463768115942,0.6847826086956522,0.4166666666666667,0.8297101449275363,0.1557971014492753,0.1376811594202898,0.1376811594202898,0.4166666666666667,0.4166666666666667,0.0942028985507246
DistalPhalanxTW,0.734,0.612,0.302,0.432,0.41,0.424,0.424,0.187,0.367,0.115,0.6906474820143885,0.5179856115107914,0.2805755395683453,0.7050359712230215,0.2158273381294964,0.158273381294964,0.158273381294964,0.6546762589928058,0.6187050359712231,0.2949640287769784,0.7050359712230215,0.5323741007194245,0.2949640287769784,0.460431654676259,0.2517985611510791,0.1151079136690647,0.1151079136690647,0.1294964028776978,0.4460431654676259,0.0647482014388489
ECG200,0.91,0.83,0.77,0.48,0.49,0.51,0.51,0.5,0.68,0.41,0.86,0.81,0.65,0.61,0.36,0.28,0.28,0.66,0.59,0.18,0.86,0.81,0.74,0.47,0.31,0.3,0.3,0.37,0.37,0.11
ECG5000,0.939,0.928,0.891,0.904,0.79,0.618,0.939,0.582,0.584,0.473,0.8928888888888888,0.8933333333333333,0.884,0.8677777777777778,0.8233333333333334,0.7911111111111111,0.8928888888888888,0.7735555555555556,0.6542222222222223,0.5008888888888889,0.8931111111111111,0.8848888888888888,0.6262222222222222,0.5837777777777777,0.8377777777777777,0.8008888888888889,0.8931111111111111,0.5837777777777777,0.5837777777777777,0.5708888888888889
ECGFiveDays,0.921,0.877,0.624,0.465,0.197,0.197,0.197,0.52,0.516,0.167,0.875725900116144,0.8617886178861789,0.578397212543554,0.478513356562137,0.1440185830429733,0.1591173054587688,0.1591173054587688,0.5284552845528455,0.5098722415795587,0.1556329849012775,0.8745644599303136,0.8524970963995354,0.7584204413472706,0.9605110336817654,0.1509872241579558,0.1161440185830429,0.1161440185830429,0.4970963995354239,0.4970963995354239,0.008130081300813
Earthquakes,0.799,0.741,0.647,0.698,0.676,0.655,0.655,0.777,0.784,0.576,0.7769784172661871,0.7482014388489209,0.7482014388489209,0.7410071942446043,0.7410071942446043,0.7410071942446043,0.7410071942446043,0.7482014388489209,0.7482014388489209,0.7410071942446043,0.7841726618705036,0.7841726618705036,0.7482014388489209,0.7338129496402878,0.7266187050359713,0.7266187050359713,0.7266187050359713,0.7482014388489209,0.7482014388489209,0.7266187050359713
ElectricDevices,0.741,0.531,0.495,0.491,0.514,0.49,0.49,0.494,0.323,0.485,0.6990014265335235,0.508624043574115,0.4206977045778757,0.4964336661911555,0.4550641940085592,0.4277006873297886,0.4277006873297886,0.4197899105174426,0.2642977564518221,0.4716638568279082,0.69303592270782,0.5440280119310077,0.5403968356892751,0.5588120866294903,0.4566204123978731,0.4182336921281286,0.4182336921281286,0.4292569057191026,0.268188302425107,0.4459862534042277
FaceAll,0.764,0.704,0.383,0.36,0.125,0.099,0.764,0.051,0.047,0.029,0.7207100591715976,0.5911242603550296,0.1130177514792899,0.2218934911242603,0.0633136094674556,0.0260355029585798,0.7207100591715976,0.0278106508875739,0.0189349112426035,0.0159763313609467,0.7142011834319527,0.5964497041420118,0.3230769230769231,0.4260355029585799,0.1420118343195266,0.0775147928994082,0.7142011834319527,0.0331360946745562,0.0337278106508875,0.0100591715976331
FaceFour,0.966,0.784,0.318,0.784,0.568,0.511,0.966,0.432,0.42,0.091,0.9204545454545454,0.7840909090909091,0.3977272727272727,0.625,0.3295454545454545,0.2613636363636363,0.9204545454545454,0.3409090909090909,0.3522727272727273,0.2272727272727272,0.9431818181818182,0.8409090909090909,0.4659090909090909,0.7272727272727273,0.4886363636363636,0.3636363636363636,0.9431818181818182,0.4431818181818182,0.3409090909090909,0.125
FacesUCR,0.862,0.784,0.379,0.611,0.332,0.285,0.285,0.229,0.155,0.051,0.8160975609756097,0.7180487804878048,0.324390243902439,0.6273170731707317,0.2356097560975609,0.2317073170731707,0.2317073170731707,0.1321951219512195,0.193170731707317,0.1107317073170731,0.8141463414634146,0.7380487804878049,0.413170731707317,0.6858536585365854,0.2356097560975609,0.1346341463414634,0.1346341463414634,0.1160975609756097,0.1478048780487804,0.0463414634146341
FiftyWords,0.721,0.56,0.215,0.413,0.136,0.07,0.07,0.224,0.103,0.081,0.676923076923077,0.4483516483516483,0.2483516483516483,0.421978021978022,0.1362637362637362,0.1032967032967032,0.1032967032967032,0.2549450549450549,0.1142857142857142,0.0417582417582417,0.6835164835164835,0.4593406593406593,0.2835164835164835,0.4065934065934066,0.1032967032967032,0.0945054945054945,0.0945054945054945,0.2043956043956044,0.1054945054945055,0.1186813186813186
Fish,0.817,0.554,0.137,0.211,0.12,0.097,0.097,0.137,0.137,0.08,0.7714285714285715,0.5485714285714286,0.2571428571428571,0.24,0.1085714285714285,0.0857142857142857,0.0857142857142857,0.1771428571428571,0.1485714285714285,0.0057142857142857,0.7714285714285715,0.6057142857142858,0.1771428571428571,0.36,0.1885714285714285,0.1314285714285714,0.1314285714285714,0.1257142857142857,0.1542857142857142,0.16
FreezerRegularTrain,0.996,0.947,0.942,0.311,0.385,0.375,0.375,0.55,0.502,0.453,0.9564912280701754,0.9357894736842104,0.7789473684210526,0.4971929824561403,0.4122807017543859,0.42,0.42,0.6080701754385965,0.7459649122807017,0.4463157894736842,0.9470175438596492,0.8168421052631579,0.8424561403508772,0.6494736842105263,0.1526315789473684,0.123859649122807,0.123859649122807,0.4028070175438596,0.5343859649122807,0.1259649122807017
Fungi,0.962,0.726,0.516,0.72,0.349,0.204,0.204,0.081,0.081,0.376,0.9301075268817204,0.6720430107526881,0.3817204301075269,0.4946236559139785,0.3870967741935484,0.2096774193548387,0.2096774193548387,0.1182795698924731,0.0806451612903225,0.2419354838709677,0.8709677419354839,0.7365591397849462,0.4301075268817204,0.521505376344086,0.3655913978494624,0.2204301075268817,0.2204301075268817,0.0806451612903225,0.0806451612903225,0.2903225806451613
GunPointAgeSpan,0.981,0.696,0.646,0.361,0.722,0.5,0.5,0.642,0.604,0.345,0.9335443037974684,0.6518987341772152,0.5348101265822784,0.5822784810126582,0.6455696202531646,0.2373417721518987,0.2373417721518987,0.3734177215189873,0.4588607594936709,0.5664556962025317,0.9588607594936708,0.5759493670886076,0.4936708860759494,0.5917721518987342,0.4936708860759494,0.4936708860759494,0.4936708860759494,0.5632911392405063,0.3765822784810126,0.4936708860759494
GunPointMaleVersusFemale,1.0,0.684,0.525,0.991,0.288,0.288,0.288,0.725,0.737,0.263,0.9525316455696202,0.7816455696202531,0.7626582278481012,1.0,0.5,0.5253164556962026,0.5253164556962026,0.7373417721518988,0.7373417721518988,0.5063291139240507,0.971518987341772,0.7626582278481012,0.7879746835443038,1.0,0.4620253164556962,0.4177215189873418,0.4177215189873418,0.7151898734177216,0.7341772151898734,0.4272151898734177
GunPointOldVersusYoung,1.0,0.841,0.705,0.762,0.673,0.537,0.537,0.587,0.737,0.825,0.9682539682539684,0.5238095238095238,0.5238095238095238,0.5238095238095238,0.5238095238095238,0.5238095238095238,0.5238095238095238,0.5238095238095238,0.5238095238095238,0.5238095238095238,0.9873015873015872,0.5238095238095238,0.5238095238095238,0.5238095238095238,0.5238095238095238,0.5238095238095238,0.5238095238095238,0.5238095238095238,0.5238095238095238,0.5238095238095238
GunPoint,0.96,0.647,0.493,0.86,0.287,0.28,0.28,0.493,0.493,0.26,0.9133333333333332,0.7333333333333333,0.5,0.9266666666666666,0.1,0.08,0.08,0.6466666666666666,0.5866666666666667,0.22,0.9133333333333332,0.5533333333333333,0.4933333333333333,0.6866666666666666,0.3733333333333333,0.24,0.24,0.4933333333333333,0.4933333333333333,0.4533333333333333
Ham,0.848,0.771,0.533,0.6,0.133,0.133,0.848,0.543,0.505,0.152,0.8095238095238095,0.6857142857142857,0.5142857142857142,0.5142857142857142,0.219047619047619,0.2285714285714285,0.8095238095238095,0.5142857142857142,0.5142857142857142,0.2571428571428571,0.8,0.7523809523809524,0.5523809523809524,0.6857142857142857,0.1333333333333333,0.1047619047619047,0.8,0.5142857142857142,0.5142857142857142,0.238095238095238
Herring,0.688,0.609,0.594,0.594,0.391,0.406,0.406,0.594,0.594,0.469,0.640625,0.65625,0.59375,0.59375,0.0,0.0,0.0,0.59375,0.59375,0.0,0.6875,0.65625,0.59375,0.59375,0.15625,0.15625,0.15625,0.59375,0.59375,0.53125
InsectEPGRegularTrain,0.831,0.735,0.474,0.831,0.474,0.831,0.831,0.831,0.474,0.474,0.8313253012048193,0.6104417670682731,0.4738955823293173,0.4738955823293173,0.4738955823293173,0.4738955823293173,0.8313253012048193,0.8313253012048193,0.4738955823293173,0.4738955823293173,0.8313253012048193,0.8313253012048193,0.8313253012048193,0.8313253012048193,0.8313253012048193,0.8313253012048193,0.8313253012048193,0.8313253012048193,0.8313253012048193,0.8313253012048193
InsectEPGSmallTrain,1.0,0.402,0.169,0.169,0.526,0.169,1.0,0.526,0.169,0.173,0.9076305220883534,0.5261044176706827,0.5261044176706827,0.5261044176706827,0.5261044176706827,0.5261044176706827,0.9076305220883534,0.5261044176706827,0.5261044176706827,0.5220883534136547,1.0,0.5261044176706827,0.5261044176706827,0.5261044176706827,0.5261044176706827,0.5261044176706827,1.0,0.5261044176706827,0.5261044176706827,0.5261044176706827
InsectWingbeatSound,0.646,0.594,0.458,0.535,0.274,0.25,0.646,0.331,0.199,0.056,0.5974747474747475,0.5404040404040404,0.4272727272727272,0.5555555555555556,0.2075757575757575,0.1742424242424242,0.5974747474747475,0.3363636363636363,0.3419191919191919,0.1085858585858585,0.5974747474747475,0.5116161616161616,0.348989898989899,0.4974747474747474,0.1752525252525252,0.1267676767676767,0.5974747474747475,0.2606060606060606,0.1176767676767676,0.0904040404040404
ItalyPowerDemand,0.97,0.848,0.53,0.468,0.413,0.416,0.97,0.554,0.511,0.348,0.9271137026239068,0.7793974732750243,0.5043731778425656,0.4101068999028183,0.3177842565597668,0.314868804664723,0.9271137026239068,0.5889212827988338,0.5296404275996113,0.2458697764820213,0.9222546161321672,0.7978620019436345,0.5014577259475219,0.4936831875607386,0.2915451895043732,0.26044703595724,0.9222546161321672,0.6763848396501457,0.706511175898931,0.2293488824101069
LargeKitchenAppliances,0.696,0.568,0.413,0.536,0.269,0.235,0.235,0.36,0.333,0.229,0.6693333333333333,0.5093333333333333,0.456,0.4293333333333333,0.264,0.2533333333333333,0.2533333333333333,0.3386666666666666,0.3333333333333333,0.3093333333333333,0.648,0.5733333333333334,0.488,0.3973333333333333,0.272,0.232,0.232,0.336,0.3333333333333333,0.3066666666666666
Lightning2,0.82,0.672,0.59,0.754,0.377,0.361,0.361,0.59,0.59,0.41,0.7704918032786885,0.6721311475409836,0.6065573770491803,0.6721311475409836,0.4754098360655737,0.4590163934426229,0.4590163934426229,0.6229508196721312,0.6229508196721312,0.4262295081967213,0.7868852459016393,0.639344262295082,0.5409836065573771,0.7049180327868853,0.4262295081967213,0.4098360655737705,0.4098360655737705,0.5081967213114754,0.6065573770491803,0.4262295081967213
Lightning7,0.74,0.479,0.178,0.356,0.233,0.11,0.74,0.164,0.137,0.096,0.7123287671232876,0.4931506849315068,0.3150684931506849,0.4657534246575342,0.1506849315068493,0.0958904109589041,0.7123287671232876,0.0958904109589041,0.0958904109589041,0.0410958904109589,0.6986301369863014,0.5068493150684932,0.3561643835616438,0.3698630136986301,0.1917808219178082,0.0958904109589041,0.6986301369863014,0.3835616438356164,0.1506849315068493,0.0547945205479452
MedicalImages,0.754,0.626,0.545,0.658,0.417,0.393,0.393,0.454,0.461,0.339,0.7065789473684211,0.5881578947368421,0.525,0.5973684210526315,0.4092105263157894,0.3973684210526316,0.3973684210526316,0.5184210526315789,0.5092105263157894,0.4052631578947368,0.7078947368421052,0.5947368421052631,0.5526315789473685,0.6263157894736842,0.3907894736842105,0.3815789473684211,0.3815789473684211,0.5157894736842106,0.5144736842105263,0.4276315789473684
MelbournePedestrian,0.937,0.634,0.517,0.585,0.558,0.472,0.472,0.509,0.391,0.23,0.8876588765887659,0.6273062730627307,0.5653956539565396,0.5264452644526445,0.5658056580565806,0.4206642066420664,0.4206642066420664,0.4419844198441984,0.3763837638376384,0.2632226322263222,0.8872488724887249,0.5207052070520706,0.4678146781467814,0.4911849118491185,0.3944239442394424,0.2398523985239852,0.2398523985239852,0.3817138171381714,0.3456334563345633,0.1443214432144321
MiddlePhalanxOutlineAgeGroup,0.662,0.63,0.539,0.675,0.448,0.461,0.461,0.571,0.584,0.162,0.6363636363636364,0.5974025974025974,0.5714285714285714,0.6233766233766234,0.1818181818181818,0.2337662337662337,0.2337662337662337,0.3181818181818182,0.3571428571428571,0.1298701298701298,0.6168831168831169,0.6298701298701299,0.5714285714285714,0.6233766233766234,0.3896103896103896,0.3636363636363636,0.3636363636363636,0.435064935064935,0.5,0.3701298701298701
MiddlePhalanxOutlineCorrect,0.842,0.715,0.57,0.849,0.031,0.031,0.031,0.553,0.574,0.357,0.7972508591065293,0.6872852233676976,0.5670103092783505,0.8419243986254296,0.2371134020618556,0.2371134020618556,0.2371134020618556,0.6288659793814433,0.6219931271477663,0.1099656357388316,0.7972508591065293,0.697594501718213,0.570446735395189,0.7663230240549829,0.2268041237113402,0.2268041237113402,0.2268041237113402,0.6185567010309279,0.6701030927835051,0.2371134020618556
MiddlePhalanxTW,0.61,0.448,0.162,0.312,0.357,0.097,0.097,0.578,0.61,0.143,0.5714285714285714,0.4155844155844156,0.1493506493506493,0.3311688311688311,0.2662337662337662,0.1038961038961039,0.1038961038961039,0.5454545454545454,0.2792207792207792,0.0,0.5714285714285714,0.4155844155844156,0.1493506493506493,0.3246753246753247,0.2987012987012987,0.0064935064935064,0.0064935064935064,0.2727272727272727,0.2727272727272727,0.0064935064935064
MoteStrain,0.878,0.871,0.6,0.881,0.665,0.573,0.573,0.803,0.776,0.385,0.8282747603833865,0.7364217252396166,0.487220447284345,0.7236421725239617,0.6549520766773163,0.5830670926517572,0.5830670926517572,0.7060702875399361,0.7068690095846646,0.3394568690095846,0.8282747603833865,0.8099041533546326,0.6757188498402555,0.8522364217252396,0.4864217252396166,0.4361022364217252,0.4361022364217252,0.5151757188498403,0.5942492012779552,0.1022364217252396
OSULeaf,0.599,0.393,0.198,0.219,0.062,0.054,0.054,0.227,0.244,0.033,0.5495867768595041,0.384297520661157,0.1611570247933884,0.3388429752066115,0.128099173553719,0.1033057851239669,0.1033057851239669,0.2520661157024793,0.3181818181818182,0.0661157024793388,0.5495867768595041,0.396694214876033,0.1694214876033057,0.2066115702479339,0.0785123966942148,0.0537190082644628,0.0537190082644628,0.2314049586776859,0.1735537190082644,0.0495867768595041
PhalangesOutlinesCorrect,0.83,0.626,0.464,0.507,0.286,0.287,0.287,0.455,0.43,0.381,0.7878787878787878,0.4662004662004662,0.4032634032634032,0.4883449883449883,0.3228438228438228,0.3146853146853147,0.3146853146853147,0.3881118881118881,0.3904428904428904,0.3846153846153846,0.782051282051282,0.5303030303030303,0.4685314685314685,0.4498834498834498,0.2517482517482518,0.2424242424242424,0.2424242424242424,0.4358974358974359,0.4219114219114219,0.3566433566433566
Plane,1.0,0.705,0.162,0.41,0.21,0.162,1.0,0.105,0.019,0.0,0.9714285714285714,0.7523809523809524,0.1619047619047619,0.2,0.2285714285714285,0.1619047619047619,0.9714285714285714,0.1619047619047619,0.1619047619047619,0.1619047619047619,0.9523809523809524,0.7142857142857143,0.1619047619047619,0.3238095238095238,0.1904761904761904,0.1142857142857142,0.9523809523809524,0.1619047619047619,0.1619047619047619,0.019047619047619
PowerCons,1.0,1.0,0.817,0.828,0.511,0.428,0.428,0.55,0.55,0.417,0.95,0.9444444444444444,0.7166666666666667,0.65,0.4388888888888889,0.4333333333333333,0.4333333333333333,0.5777777777777777,0.5777777777777777,0.4055555555555555,0.95,0.9444444444444444,0.8888888888888888,0.9055555555555556,0.4444444444444444,0.4166666666666667,0.4166666666666667,0.7166666666666667,0.7888888888888889,0.3722222222222222
ProximalPhalanxOutlineAgeGroup,0.883,0.746,0.429,0.893,0.317,0.298,0.298,0.829,0.834,0.283,0.8536585365853658,0.697560975609756,0.4292682926829268,0.4292682926829268,0.4,0.4,0.4,0.4292682926829268,0.4292682926829268,0.4146341463414634,0.8439024390243902,0.7268292682926829,0.4292682926829268,0.8682926829268293,0.0926829268292682,0.1512195121951219,0.1512195121951219,0.2975609756097561,0.4048780487804878,0.0195121951219512
ProximalPhalanxOutlineCorrect,0.893,0.753,0.687,0.742,0.46,0.423,0.423,0.615,0.677,0.344,0.865979381443299,0.7491408934707904,0.6597938144329897,0.6116838487972509,0.6013745704467354,0.5945017182130584,0.5945017182130584,0.6013745704467354,0.6597938144329897,0.7560137457044673,0.845360824742268,0.7491408934707904,0.6872852233676976,0.5189003436426117,0.6391752577319587,0.6082474226804123,0.6082474226804123,0.6151202749140894,0.5670103092783505,0.9415807560137456
ProximalPhalanxTW,0.815,0.541,0.083,0.317,0.473,0.522,0.522,0.107,0.429,0.034,0.7707317073170732,0.6536585365853659,0.2,0.3707317073170731,0.4536585365853658,0.1609756097560975,0.1609756097560975,0.3317073170731707,0.3268292682926829,0.0146341463414634,0.7853658536585366,0.5951219512195122,0.2,0.424390243902439,0.473170731707317,0.1170731707317073,0.1170731707317073,0.751219512195122,0.751219512195122,0.0878048780487804
RefrigerationDevices,0.579,0.563,0.355,0.435,0.12,0.115,0.115,0.344,0.336,0.136,0.5386666666666666,0.4453333333333333,0.5306666666666666,0.4373333333333333,0.4213333333333333,0.4266666666666667,0.4266666666666667,0.4453333333333333,0.4906666666666666,0.272,0.5306666666666666,0.4906666666666666,0.4986666666666666,0.584,0.2106666666666666,0.1733333333333333,0.1733333333333333,0.4373333333333333,0.4693333333333333,0.3493333333333333
ShapeletSim,0.533,0.483,0.5,0.433,0.272,0.183,0.183,0.506,0.472,0.272,0.4944444444444444,0.4611111111111111,0.5,0.5055555555555555,0.4722222222222222,0.3722222222222222,0.3722222222222222,0.5,0.5,0.4277777777777777,0.5,0.5,0.5,0.5,0.5,0.5,0.5,0.5,0.5,0.5
ShapesAll,0.745,0.517,0.237,0.433,0.22,0.153,0.745,0.248,0.152,0.082,0.7016666666666667,0.545,0.2033333333333333,0.4,0.205,0.13,0.7016666666666667,0.2733333333333333,0.1833333333333333,0.06,0.7033333333333334,0.42,0.17,0.335,0.1733333333333333,0.1716666666666666,0.7033333333333334,0.3583333333333333,0.165,0.0616666666666666
SmallKitchenAppliances,0.741,0.675,0.544,0.477,0.419,0.397,0.397,0.341,0.333,0.357,0.696,0.664,0.6106666666666667,0.4133333333333333,0.3546666666666667,0.3306666666666666,0.3306666666666666,0.3386666666666666,0.3386666666666666,0.2826666666666667,0.6933333333333334,0.64,0.5413333333333333,0.4853333333333333,0.3626666666666667,0.3173333333333333,0.3173333333333333,0.336,0.3333333333333333,0.2613333333333333
SmoothSubspace,0.993,0.76,0.593,0.607,0.553,0.493,0.493,0.5,0.487,0.373,0.9466666666666668,0.78,0.46,0.5733333333333334,0.44,0.38,0.38,0.64,0.7466666666666667,0.3066666666666666,0.9466666666666668,0.7133333333333334,0.48,0.5866666666666667,0.36,0.3133333333333333,0.3133333333333333,0.5333333333333333,0.5866666666666667,0.3333333333333333
SonyAIBORobotSurface1,0.827,0.767,0.657,0.431,0.15,0.083,0.827,0.571,0.571,0.002,0.7820299500831946,0.7720465890183028,0.4792013311148086,0.5008319467554077,0.1281198003327787,0.0366056572379367,0.7820299500831946,0.4775374376039933,0.5357737104825291,0.043261231281198,0.7870216306156406,0.7753743760399334,0.5590682196339434,0.610648918469218,0.1830282861896838,0.1314475873544093,0.7870216306156406,0.5241264559068219,0.5507487520798668,0.0
SonyAIBORobotSurface2,0.832,0.804,0.753,0.804,0.52,0.416,0.416,0.744,0.717,0.256,0.7838405036726128,0.7145855194123819,0.4889821615949632,0.8237145855194123,0.4994753410283316,0.279118572927597,0.279118572927597,0.7114375655823715,0.7219307450157397,0.1028331584470094,0.7943336831059811,0.7387198321091291,0.4868835257082896,0.4239244491080797,0.5110178384050367,0.2675760755508919,0.2675760755508919,0.7229800629590766,0.7313746065057712,0.2518363064008394
Strawberry,0.97,0.786,0.651,0.808,0.376,0.368,0.368,0.47,0.641,0.47,0.927027027027027,0.7216216216216216,0.6432432432432432,0.7594594594594595,0.5108108108108108,0.5108108108108108,0.5108108108108108,0.6432432432432432,0.6216216216216216,0.6432432432432432,0.927027027027027,0.7675675675675676,0.6432432432432432,0.6864864864864865,0.3243243243243243,0.3243243243243243,0.3243243243243243,0.6432432432432432,0.6432432432432432,0.4918918918918919
SwedishLeaf,0.898,0.387,0.154,0.381,0.237,0.176,0.176,0.141,0.128,0.019,0.8592,0.5616,0.1024,0.2832,0.1872,0.1968,0.1968,0.064,0.0464,0.0144,0.848,0.6,0.1568,0.36,0.1024,0.0816,0.0816,0.192,0.1216,0.0256
Symbols,0.88,0.748,0.411,0.628,0.514,0.316,0.88,0.392,0.359,0.156,0.8311557788944723,0.7085427135678392,0.3839195979899497,0.7256281407035176,0.4864321608040201,0.2311557788944723,0.8311557788944723,0.385929648241206,0.3869346733668342,0.2160804020100502,0.8442211055276382,0.6804020100502512,0.328643216080402,0.721608040201005,0.5949748743718593,0.3527638190954774,0.8442211055276382,0.5869346733668341,0.563819095477387,0.2663316582914573
SyntheticControl,1.0,0.893,0.783,0.867,0.64,0.62,0.62,0.537,0.547,0.387,0.95,0.8133333333333334,0.6233333333333333,0.8066666666666666,0.4733333333333333,0.4566666666666666,0.4566666666666666,0.56,0.5833333333333334,0.3833333333333333,0.9533333333333334,0.88,0.5433333333333333,0.7933333333333333,0.4666666666666667,0.3433333333333333,0.3433333333333333,0.45,0.4733333333333333,0.2566666666666666
ToeSegmentation1,0.741,0.689,0.548,0.759,0.197,0.175,0.175,0.513,0.526,0.171,0.7105263157894737,0.7412280701754386,0.6885964912280702,0.4122807017543859,0.1140350877192982,0.0482456140350877,0.0482456140350877,0.5043859649122807,0.4692982456140351,0.043859649122807,0.6973684210526315,0.7192982456140351,0.5657894736842105,0.7982456140350878,0.0482456140350877,0.0263157894736842,0.0263157894736842,0.5526315789473685,0.5657894736842105,0.0087719298245614
ToeSegmentation2,0.815,0.815,0.815,0.815,0.815,0.815,0.815,0.815,0.815,0.815,0.8153846153846154,0.8153846153846154,0.8153846153846154,0.8153846153846154,0.8153846153846154,0.8153846153846154,0.8153846153846154,0.8153846153846154,0.8153846153846154,0.8153846153846154,0.8153846153846154,0.8153846153846154,0.8153846153846154,0.8153846153846154,0.8153846153846154,0.8153846153846154,0.8153846153846154,0.8153846153846154,0.8153846153846154,0.8153846153846154
Trace,1.0,0.86,0.33,0.63,0.5,0.69,0.69,0.31,0.19,0.32,0.97,0.9,0.58,0.92,0.86,0.84,0.84,0.48,0.41,0.28,0.99,0.71,0.48,0.65,0.58,0.44,0.44,0.41,0.23,0.18
TwoPatterns,1.0,0.989,0.588,0.691,0.294,0.019,0.019,0.201,0.234,0.003,0.96975,0.9665,0.52425,0.654,0.0715,0.00775,0.00775,0.254,0.27975,0.01725,0.968,0.95475,0.548,0.66725,0.1095,0.0075,0.0075,0.2265,0.297,0.02575
UMD,1.0,0.986,0.729,0.819,0.729,0.639,0.639,0.507,0.562,0.493,0.9722222222222222,0.9722222222222222,0.7708333333333334,0.8611111111111112,0.7013888888888888,0.7152777777777778,0.7152777777777778,0.5555555555555556,0.5138888888888888,0.4097222222222222,0.9652777777777778,0.8958333333333334,0.7638888888888888,0.9791666666666666,0.7569444444444444,0.5972222222222222,0.5972222222222222,0.6458333333333334,0.5,0.4375
Wine,0.5,0.537,0.5,1.0,0.0,0.0,0.0,0.5,0.5,0.0,0.5,0.5,0.5,0.5,0.5,0.5,0.5,0.5,0.5,0.5,0.5,0.5,0.5,0.5,0.5,0.5,0.5,0.5,0.5,0.5
WordSynonyms,0.602,0.429,0.212,0.373,0.132,0.067,0.067,0.245,0.182,0.041,0.5564263322884012,0.4686520376175548,0.3119122257053291,0.4717868338557994,0.1661442006269592,0.1551724137931034,0.1551724137931034,0.2225705329153605,0.2852664576802508,0.073667711598746,0.5579937304075235,0.4310344827586206,0.2993730407523511,0.438871473354232,0.1410658307210031,0.1238244514106583,0.1238244514106583,0.1363636363636363,0.128526645768025,0.0376175548589341
Worms,0.532,0.442,0.338,0.416,0.208,0.182,0.182,0.338,0.351,0.234,0.5064935064935064,0.4545454545454545,0.4155844155844156,0.4155844155844156,0.2207792207792207,0.1558441558441558,0.1558441558441558,0.4285714285714285,0.4155844155844156,0.2857142857142857,0.4935064935064935,0.4935064935064935,0.4415584415584415,0.4025974025974026,0.1298701298701298,0.1298701298701298,0.1298701298701298,0.3636363636363636,0.3376623376623376,0.1818181818181818
